crop_id,state,season,low_yield_per_acre,base_yield_per_acre,high_yield_per_acre,data_points
CE_BARLEY,Bihar,RABI,5.26,5.73,6.05,10
CE_BARLEY,Chhattisgarh,RABI,2.83,3.44,3.86,10
CE_BARLEY,Delhi,KHARIF,11.38,11.59,11.82,10
CE_BARLEY,Haryana,RABI,10.28,13.97,15.13,10
CE_BARLEY,Himachal Pradesh,RABI,5.17,6.79,7.1,10
CE_BARLEY,Jammu & Kashmir,KHARIF,1.38,1.42,1.42,9
CE_BARLEY,Jammu & Kashmir,RABI,2.86,2.95,3.02,9
CE_BARLEY,Madhya Pradesh,KHARIF,7.86,8.7,9.74,8
CE_BARLEY,Nagaland,RABI,4.09,4.18,4.18,9
CE_BARLEY,Punjab,RABI,14.68,14.91,15.24,10
CE_BARLEY,Sikkim,RABI,3.97,4.05,4.17,10
CE_BARLEY,Uttar Pradesh,RABI,10.22,10.98,11.67,10
CE_BARLEY,Uttarakhand,RABI,5.48,5.71,5.85,11
CE_BARLEY,West Bengal,RABI,5.68,5.76,6.01,10
CE_MAIZE,Andhra Pradesh,KHARIF,14.26,15.58,16.22,10
CE_MAIZE,Andhra Pradesh,RABI,25.08,26.69,29.79,10
CE_MAIZE,Arunachal Pradesh,KHARIF,6.32,6.55,6.76,10
CE_MAIZE,Assam,KHARIF,4.89,10.96,12.08,10
CE_MAIZE,Bihar,KHARIF,9.46,10.56,11.23,10
CE_MAIZE,Bihar,RABI,14.92,17.0,22.25,10
CE_MAIZE,Bihar,ZAID,15.34,16.93,18.25,10
CE_MAIZE,Chhattisgarh,KHARIF,7.09,7.74,9.21,10
CE_MAIZE,Delhi,KHARIF,20.66,31.39,42.05,10
CE_MAIZE,Gujarat,KHARIF,5.95,6.63,6.83,10
CE_MAIZE,Gujarat,RABI,8.03,8.49,9.65,10
CE_MAIZE,Gujarat,ZAID,7.31,7.88,8.33,10
CE_MAIZE,Haryana,KHARIF,5.77,11.41,12.63,10
CE_MAIZE,Himachal Pradesh,KHARIF,9.56,10.3,10.62,10
CE_MAIZE,Jammu & Kashmir,KHARIF,6.04,6.34,6.61,9
CE_MAIZE,Jharkhand,KHARIF,5.54,6.95,8.29,9
CE_MAIZE,Jharkhand,RABI,7.53,7.64,7.84,3
CE_MAIZE,Karnataka,KHARIF,11.21,12.18,13.38,10
CE_MAIZE,Karnataka,RABI,11.67,12.53,12.93,10
CE_MAIZE,Karnataka,ZAID,12.82,13.3,14.05,10
CE_MAIZE,Kerala,ANNUAL,4.75,6.42,7.23,8
CE_MAIZE,Madhya Pradesh,KHARIF,6.7,8.43,9.38,10
CE_MAIZE,Maharashtra,KHARIF,6.38,7.95,9.1,10
CE_MAIZE,Maharashtra,RABI,6.8,8.39,10.14,10
CE_MAIZE,Maharashtra,ZAID,5.04,5.22,5.46,10
CE_MAIZE,Manipur,KHARIF,8.09,8.85,9.12,9
CE_MAIZE,Manipur,RABI,9.45,9.75,9.82,9
CE_MAIZE,Meghalaya,ANNUAL,8.82,8.9,8.93,3
CE_MAIZE,Meghalaya,KHARIF,7.73,9.09,9.09,7
CE_MAIZE,Mizoram,KHARIF,6.6,6.73,7.08,10
CE_MAIZE,Mizoram,RABI,6.01,6.83,8.82,10
CE_MAIZE,Nagaland,KHARIF,7.94,8.0,8.02,10
CE_MAIZE,Nagaland,RABI,7.94,8.0,8.02,10
CE_MAIZE,Odisha,KHARIF,5.9,6.47,6.98,10
CE_MAIZE,Odisha,RABI,7.47,8.41,9.79,10
CE_MAIZE,Odisha,ZAID,7.58,8.04,8.92,10
CE_MAIZE,Punjab,KHARIF,14.41,15.1,15.7,10
CE_MAIZE,Sikkim,KHARIF,6.82,6.98,7.01,10
CE_MAIZE,Tamil Nadu,KHARIF,20.11,27.9,33.39,10
CE_MAIZE,Tamil Nadu,RABI,25.56,27.7,28.18,8
CE_MAIZE,Telangana,KHARIF,12.72,16.01,16.58,7
CE_MAIZE,Telangana,RABI,20.81,24.39,26.75,7
CE_MAIZE,Tripura,KHARIF,5.31,5.4,5.6,10
CE_MAIZE,Tripura,RABI,6.27,6.31,8.59,5
CE_MAIZE,Uttar Pradesh,KHARIF,6.69,6.88,7.61,10
CE_MAIZE,Uttar Pradesh,RABI,10.09,11.22,12.12,10
CE_MAIZE,Uttar Pradesh,ZAID,7.28,7.49,8.16,10
CE_MAIZE,Uttarakhand,KHARIF,5.67,6.45,7.27,11
CE_MAIZE,Uttarakhand,ZAID,6.09,6.89,8.35,10
CE_MAIZE,West Bengal,KHARIF,10.06,10.95,12.46,10
CE_MAIZE,West Bengal,RABI,14.04,14.46,16.18,10
CE_MAIZE,West Bengal,ZAID,11.77,13.0,14.1,10
CE_RICE,Andhra Pradesh,KHARIF,11.83,12.7,13.19,10
CE_RICE,Andhra Pradesh,RABI,13.54,14.6,15.06,10
CE_RICE,Arunachal Pradesh,KHARIF,5.27,6.18,6.99,10
CE_RICE,Assam,KHARIF,5.32,5.67,5.88,10
CE_RICE,Assam,RABI,7.96,8.01,8.28,10
CE_RICE,Assam,ZAID,10.07,10.33,10.74,10
CE_RICE,Bihar,KHARIF,5.75,6.64,7.05,10
CE_RICE,Bihar,RABI,8.46,9.39,10.31,10
CE_RICE,Bihar,ZAID,8.04,8.8,9.53,10
CE_RICE,Chhattisgarh,KHARIF,6.16,6.99,7.8,10
CE_RICE,Delhi,KHARIF,11.57,11.66,12.06,10
CE_RICE,Goa,KHARIF,10.19,10.84,11.39,10
CE_RICE,Goa,RABI,11.03,11.2,11.55,10
CE_RICE,Gujarat,KHARIF,7.71,7.89,8.19,10
CE_RICE,Gujarat,ZAID,11.62,12.36,12.68,10
CE_RICE,Haryana,KHARIF,11.93,11.97,12.33,10
CE_RICE,Himachal Pradesh,KHARIF,6.32,6.45,6.57,10
CE_RICE,Jammu & Kashmir,KHARIF,7.64,8.2,8.4,9
CE_RICE,Jharkhand,KHARIF,3.2,3.69,7.36,9
CE_RICE,Jharkhand,RABI,5.5,5.74,6.16,6
CE_RICE,Karnataka,KHARIF,10.35,10.84,11.36,10
CE_RICE,Karnataka,RABI,9.97,10.16,10.67,10
CE_RICE,Karnataka,ZAID,11.54,11.73,11.88,10
CE_RICE,Kerala,KHARIF,8.97,9.18,9.67,10
CE_RICE,Kerala,RABI,9.55,9.94,10.13,10
CE_RICE,Kerala,ZAID,10.39,10.87,11.27,10
CE_RICE,Madhya Pradesh,KHARIF,5.74,6.67,7.21,10
CE_RICE,Maharashtra,KHARIF,5.31,5.37,6.42,10
CE_RICE,Maharashtra,ZAID,9.7,10.02,10.27,10
CE_RICE,Manipur,KHARIF,7.87,8.82,9.36,9
CE_RICE,Meghalaya,KHARIF,9.25,10.15,10.32,10
CE_RICE,Meghalaya,RABI,8.61,9.53,10.19,20
CE_RICE,Mizoram,KHARIF,4.76,5.5,8.78,20
CE_RICE,Mizoram,RABI,8.38,8.6,9.38,10
CE_RICE,Nagaland,KHARIF,8.76,9.41,9.79,10
CE_RICE,Nagaland,RABI,10.31,10.9,11.4,10
CE_RICE,Odisha,KHARIF,4.09,5.3,6.2,10
CE_RICE,Odisha,RABI,6.72,7.76,9.97,10
CE_RICE,Odisha,ZAID,9.79,10.6,11.04,10
CE_RICE,Puducherry,KHARIF,11.16,12.39,13.09,10
CE_RICE,Puducherry,RABI,13.12,13.93,15.02,10
CE_RICE,Puducherry,ZAID,10.26,11.23,13.27,10
CE_RICE,Punjab,KHARIF,15.52,15.88,16.15,10
CE_RICE,Sikkim,KHARIF,6.99,7.19,7.34,10
CE_RICE,Tamil Nadu,KHARIF,14.93,16.47,16.79,10
CE_RICE,Tamil Nadu,RABI,15.31,15.45,16.1,3
CE_RICE,Tamil Nadu,ZAID,16.37,16.57,16.68,3
CE_RICE,Telangana,KHARIF,11.7,12.61,13.23,7
CE_RICE,Telangana,RABI,12.97,13.49,14.4,7
CE_RICE,Tripura,KHARIF,5.78,10.53,11.14,14
CE_RICE,Tripura,RABI,12.31,12.34,12.48,4
CE_RICE,Tripura,ZAID,12.45,12.67,12.73,5
CE_RICE,Uttar Pradesh,KHARIF,9.12,9.64,10.15,10
CE_RICE,Uttar Pradesh,ZAID,9.5,9.94,10.59,10
CE_RICE,Uttarakhand,KHARIF,7.03,7.2,7.51,11
CE_RICE,Uttarakhand,ZAID,13.11,13.48,14.42,10
CE_RICE,West Bengal,KHARIF,9.12,9.88,10.08,10
CE_RICE,West Bengal,RABI,10.34,10.84,10.92,10
CE_RICE,West Bengal,ZAID,12.68,13.05,13.54,10
CE_WHEAT,Andhra Pradesh,RABI,2.77,3.51,5.23,10
CE_WHEAT,Arunachal Pradesh,RABI,7.09,8.51,8.66,10
CE_WHEAT,Assam,RABI,4.85,5.02,5.14,10
CE_WHEAT,Bihar,RABI,9.62,11.19,11.57,10
CE_WHEAT,Chhattisgarh,RABI,6.08,6.18,6.67,10
CE_WHEAT,Delhi,RABI,17.47,17.6,17.85,10
CE_WHEAT,Gujarat,RABI,11.51,12.01,12.27,10
CE_WHEAT,Haryana,RABI,17.92,18.7,19.16,10
CE_WHEAT,Himachal Pradesh,RABI,5.88,6.47,6.96,10
CE_WHEAT,Jammu & Kashmir,RABI,5.39,5.76,6.66,9
CE_WHEAT,Jharkhand,RABI,5.91,6.27,8.05,11
CE_WHEAT,Karnataka,RABI,3.84,4.14,4.36,10
CE_WHEAT,Kerala,ANNUAL,4.5,5.97,7.59,6
CE_WHEAT,Madhya Pradesh,RABI,10.75,11.87,13.18,10
CE_WHEAT,Maharashtra,RABI,5.69,6.01,6.58,10
CE_WHEAT,Manipur,RABI,10.02,10.12,10.13,9
CE_WHEAT,Meghalaya,RABI,5.64,6.48,6.63,10
CE_WHEAT,Nagaland,RABI,7.3,7.39,7.41,10
CE_WHEAT,Odisha,ZAID,5.47,5.94,6.7,10
CE_WHEAT,Punjab,RABI,18.84,19.89,20.25,10
CE_WHEAT,Sikkim,RABI,4.17,4.2,4.24,10
CE_WHEAT,Telangana,RABI,4.81,5.78,7.3,7
CE_WHEAT,Tripura,RABI,8.18,8.7,9.01,10
CE_WHEAT,Uttar Pradesh,RABI,12.59,13.16,14.68,10
CE_WHEAT,Uttarakhand,RABI,7.56,7.94,8.74,11
CE_WHEAT,West Bengal,RABI,10.06,10.19,10.52,10
CM_COTTON,Andhra Pradesh,KHARIF,8.43,10.04,10.65,10
CM_COTTON,Andhra Pradesh,RABI,8.97,9.11,10.99,7
CM_COTTON,Assam,KHARIF,2.14,2.23,2.43,10
CM_COTTON,Chhattisgarh,ANNUAL,6.89,8.06,8.45,7
CM_COTTON,Chhattisgarh,KHARIF,4.48,4.67,5.68,3
CM_COTTON,Gujarat,KHARIF,12.01,13.09,13.96,10
CM_COTTON,Haryana,KHARIF,9.48,11.08,12.37,10
CM_COTTON,Himachal Pradesh,KHARIF,1.49,1.63,2.8,8
CM_COTTON,Jammu & Kashmir,KHARIF,2.02,2.1,2.31,5
CM_COTTON,Karnataka,KHARIF,8.5,9.37,10.15,10
CM_COTTON,Karnataka,RABI,3.13,4.72,5.96,10
CM_COTTON,Karnataka,ZAID,8.29,9.86,12.12,4
CM_COTTON,Kerala,ANNUAL,6.1,6.11,6.17,4
CM_COTTON,Madhya Pradesh,KHARIF,5.14,5.83,6.71,10
CM_COTTON,Maharashtra,KHARIF,6.33,7.29,8.22,10
CM_COTTON,Meghalaya,KHARIF,4.56,4.68,4.75,10
CM_COTTON,Mizoram,KHARIF,2.33,2.51,2.6,10
CM_COTTON,Nagaland,KHARIF,2.37,2.49,2.49,9
CM_COTTON,Puducherry,KHARIF,6.13,7.22,7.26,5
CM_COTTON,Puducherry,ZAID,3.52,4.05,4.05,5
CM_COTTON,Punjab,KHARIF,13.43,14.27,17.08,10
CM_COTTON,Tamil Nadu,KHARIF,8.62,9.55,11.39,9
CM_COTTON,Tamil Nadu,RABI,10.51,11.08,11.66,7
CM_COTTON,Telangana,KHARIF,8.61,9.9,10.76,7
CM_COTTON,Tripura,KHARIF,5.7,5.83,5.97,10
CM_COTTON,Uttar Pradesh,KHARIF,0.91,1.22,1.44,10
CM_COTTON,West Bengal,KHARIF,10.62,11.88,13.62,10
CM_JUTE,Assam,KHARIF,40.66,42.07,45.59,10
CM_JUTE,Bihar,KHARIF,51.34,55.8,62.78,10
CM_JUTE,Madhya Pradesh,KHARIF,4.05,4.05,5.5,5
CM_JUTE,Meghalaya,KHARIF,36.63,39.84,40.19,10
CM_JUTE,Nagaland,KHARIF,7.7,7.7,7.7,10
CM_JUTE,Odisha,KHARIF,6.9,7.53,8.2,10
CM_JUTE,Tripura,KHARIF,33.88,34.63,36.44,10
CM_JUTE,West Bengal,KHARIF,62.42,65.53,68.7,10
CM_SUGARCANE,Andhra Pradesh,ANNUAL,331.45,342.96,348.6,8
CM_SUGARCANE,Arunachal Pradesh,ANNUAL,81.71,85.76,91.29,10
CM_SUGARCANE,Assam,ANNUAL,145.1,147.23,151.43,10
CM_SUGARCANE,Bihar,ANNUAL,232.81,249.61,262.26,9
CM_SUGARCANE,Chhattisgarh,ANNUAL,8.7,11.83,21.47,10
CM_SUGARCANE,Delhi,ANNUAL,304.86,304.86,304.86,4
CM_SUGARCANE,Goa,ANNUAL,185.66,193.9,210.96,10
CM_SUGARCANE,Gujarat,ANNUAL,247.49,265.15,280.18,10
CM_SUGARCANE,Haryana,ANNUAL,259.43,302.64,315.2,10
CM_SUGARCANE,Himachal Pradesh,ANNUAL,65.73,68.86,69.91,10
CM_SUGARCANE,Jammu & Kashmir,KHARIF,6.07,6.07,6.07,6
CM_SUGARCANE,Jharkhand,ANNUAL,162.74,180.39,191.91,4
CM_SUGARCANE,Karnataka,ANNUAL,337.02,350.93,369.36,10
CM_SUGARCANE,Kerala,ANNUAL,173.84,219.05,287.84,10
CM_SUGARCANE,Madhya Pradesh,ANNUAL,129.65,146.39,160.11,10
CM_SUGARCANE,Maharashtra,ANNUAL,271.57,284.93,298.43,10
CM_SUGARCANE,Manipur,ANNUAL,220.08,220.08,230.83,9
CM_SUGARCANE,Meghalaya,ANNUAL,10.81,10.82,10.91,10
CM_SUGARCANE,Mizoram,ANNUAL,27.23,103.29,120.15,10
CM_SUGARCANE,Nagaland,KHARIF,176.05,176.12,176.14,9
CM_SUGARCANE,Odisha,RABI,230.02,239.71,249.75,10
CM_SUGARCANE,Puducherry,KHARIF,505.87,546.34,599.99,10
CM_SUGARCANE,Punjab,ANNUAL,311.96,314.5,330.26,9
CM_SUGARCANE,Tamil Nadu,ANNUAL,385.56,399.15,412.48,10
CM_SUGARCANE,Telangana,KHARIF,298.93,325.66,339.49,7
CM_SUGARCANE,Tripura,ANNUAL,208.54,212.11,219.2,10
CM_SUGARCANE,Uttar Pradesh,KHARIF,232.84,240.82,269.69,10
CM_SUGARCANE,Uttarakhand,ANNUAL,247.83,256.98,287.33,11
CM_SUGARCANE,West Bengal,ANNUAL,325.0,354.33,417.28,10
FR_BANANA,Andhra Pradesh,ANNUAL,128.0,160.24,242.82,9
FR_BANANA,Assam,ANNUAL,65.13,66.84,68.11,10
FR_BANANA,Goa,ANNUAL,45.11,45.69,45.79,7
FR_BANANA,Gujarat,ANNUAL,275.56,290.11,297.09,10
FR_BANANA,Kerala,ANNUAL,33.39,33.79,34.56,10
FR_BANANA,Madhya Pradesh,ANNUAL,138.36,179.95,190.87,9
FR_BANANA,Manipur,ANNUAL,54.23,54.63,54.84,9
FR_BANANA,Meghalaya,KHARIF,41.64,42.34,43.41,10
FR_BANANA,Puducherry,KHARIF,55.71,78.35,98.89,10
FR_BANANA,Tamil Nadu,ANNUAL,152.7,162.86,172.21,8
FR_BANANA,Telangana,KHARIF,188.39,217.6,246.4,6
FR_BANANA,Uttar Pradesh,ZAID,179.66,182.55,186.12,9
FR_COCONUT,Andhra Pradesh,ANNUAL,126.49,133.27,145.8,10
FR_COCONUT,Assam,ANNUAL,68.85,74.41,84.26,10
FR_COCONUT,Goa,ANNUAL,49.92,50.14,50.57,7
FR_COCONUT,Karnataka,ANNUAL,80.75,85.26,96.21,10
FR_COCONUT,Kerala,ANNUAL,64.21,66.04,67.7,10
FR_COCONUT,Puducherry,ANNUAL,96.74,111.86,123.06,10
FR_COCONUT,Tamil Nadu,ANNUAL,95.52,107.16,114.25,8
FR_COCONUT,West Bengal,ANNUAL,121.48,124.12,125.48,10
MI_BAJRA,Andhra Pradesh,KHARIF,5.45,6.44,7.39,10
MI_BAJRA,Andhra Pradesh,RABI,5.72,6.89,7.41,10
MI_BAJRA,Bihar,KHARIF,4.47,4.56,4.58,10
MI_BAJRA,Chhattisgarh,ANNUAL,71.04,88.09,133.83,10
MI_BAJRA,Chhattisgarh,KHARIF,2.1,2.39,2.5,9
MI_BAJRA,Delhi,KHARIF,8.81,8.9,10.16,10
MI_BAJRA,Gujarat,KHARIF,5.29,6.16,6.56,10
MI_BAJRA,Gujarat,ZAID,10.34,10.66,11.36,10
MI_BAJRA,Haryana,KHARIF,7.23,7.5,8.24,10
MI_BAJRA,Himachal Pradesh,KHARIF,2.05,2.25,2.54,10
MI_BAJRA,Jammu & Kashmir,KHARIF,2.44,2.44,2.44,9
MI_BAJRA,Jammu & Kashmir,RABI,1.44,1.69,1.92,5
MI_BAJRA,Jharkhand,KHARIF,2.44,2.45,2.52,3
MI_BAJRA,Karnataka,KHARIF,3.61,3.95,4.33,10
MI_BAJRA,Karnataka,ZAID,4.15,4.36,4.44,7
MI_BAJRA,Madhya Pradesh,KHARIF,4.99,5.76,6.45,10
MI_BAJRA,Maharashtra,KHARIF,1.96,2.55,3.2,10
MI_BAJRA,Nagaland,KHARIF,4.0,4.0,4.03,10
MI_BAJRA,Puducherry,KHARIF,9.56,10.26,10.62,10
MI_BAJRA,Puducherry,RABI,12.14,12.14,12.14,3
MI_BAJRA,Puducherry,ZAID,8.7,10.36,10.81,8
MI_BAJRA,Punjab,KHARIF,2.56,3.64,4.05,8
MI_BAJRA,Tamil Nadu,KHARIF,9.44,11.43,11.59,8
MI_BAJRA,Tamil Nadu,RABI,8.51,9.38,11.05,8
MI_BAJRA,Telangana,KHARIF,3.5,3.6,3.99,7
MI_BAJRA,Telangana,RABI,3.53,3.74,3.97,7
MI_BAJRA,Uttar Pradesh,KHARIF,5.91,6.34,6.58,10
MI_BAJRA,Uttarakhand,KHARIF,4.05,4.05,4.05,4
MI_BAJRA,West Bengal,KHARIF,1.31,1.56,1.65,10
MI_JOWAR,Andhra Pradesh,KHARIF,4.61,5.17,6.16,10
MI_JOWAR,Andhra Pradesh,RABI,8.21,9.45,10.95,10
MI_JOWAR,Bihar,KHARIF,4.29,4.34,4.38,10
MI_JOWAR,Chhattisgarh,ANNUAL,3.47,3.74,5.02,7
MI_JOWAR,Chhattisgarh,KHARIF,3.06,3.23,4.67,3
MI_JOWAR,Delhi,KHARIF,3.72,3.89,3.92,10
MI_JOWAR,Gujarat,KHARIF,4.94,5.41,5.69,10
MI_JOWAR,Gujarat,RABI,4.52,4.76,5.02,10
MI_JOWAR,Haryana,KHARIF,1.96,2.19,2.5,10
MI_JOWAR,Jharkhand,KHARIF,2.68,2.84,3.07,3
MI_JOWAR,Karnataka,KHARIF,4.84,5.46,5.75,10
MI_JOWAR,Karnataka,RABI,3.15,3.66,4.15,10
MI_JOWAR,Karnataka,ZAID,6.64,7.15,8.28,10
MI_JOWAR,Kerala,ANNUAL,3.15,3.28,3.35,8
MI_JOWAR,Madhya Pradesh,KHARIF,5.78,6.32,6.88,10
MI_JOWAR,Madhya Pradesh,RABI,6.9,7.06,8.37,4
MI_JOWAR,Maharashtra,KHARIF,3.1,3.81,4.83,10
MI_JOWAR,Maharashtra,RABI,2.89,3.22,3.49,10
MI_JOWAR,Nagaland,KHARIF,3.8,3.89,3.89,10
MI_JOWAR,Puducherry,KHARIF,8.09,8.09,9.61,6
MI_JOWAR,Puducherry,ZAID,8.09,8.09,11.13,6
MI_JOWAR,Tamil Nadu,KHARIF,4.96,5.29,5.84,8
MI_JOWAR,Tamil Nadu,RABI,5.14,6.27,7.39,8
MI_JOWAR,Telangana,KHARIF,3.66,3.81,3.87,7
MI_JOWAR,Telangana,RABI,3.81,4.76,6.01,7
MI_JOWAR,Tripura,KHARIF,3.2,3.26,3.31,4
MI_JOWAR,Uttar Pradesh,KHARIF,4.01,4.32,4.76,10
MI_JOWAR,West Bengal,KHARIF,1.34,1.54,1.83,10
MI_RAGI,Andhra Pradesh,KHARIF,4.21,4.67,5.11,10
MI_RAGI,Andhra Pradesh,RABI,6.14,6.64,7.18,10
MI_RAGI,Bihar,KHARIF,4.1,4.49,5.24,10
MI_RAGI,Chhattisgarh,KHARIF,0.79,0.98,1.1,10
MI_RAGI,Goa,KHARIF,3.64,3.76,4.11,5
MI_RAGI,Gujarat,KHARIF,3.23,3.42,3.85,10
MI_RAGI,Himachal Pradesh,KHARIF,3.37,3.44,3.66,10
MI_RAGI,Jammu & Kashmir,KHARIF,2.23,2.23,2.26,3
MI_RAGI,Jharkhand,KHARIF,3.29,3.56,3.76,9
MI_RAGI,Karnataka,KHARIF,5.64,6.42,6.87,10
MI_RAGI,Karnataka,RABI,5.69,6.38,6.8,10
MI_RAGI,Karnataka,ZAID,7.13,7.37,7.66,10
MI_RAGI,Kerala,ANNUAL,4.16,5.49,5.52,8
MI_RAGI,Madhya Pradesh,KHARIF,0.47,0.66,1.06,4
MI_RAGI,Maharashtra,KHARIF,4.11,4.32,4.49,10
MI_RAGI,Nagaland,KHARIF,3.9,3.94,3.98,10
MI_RAGI,Odisha,KHARIF,2.41,2.45,2.55,10
MI_RAGI,Odisha,RABI,2.21,2.54,2.76,10
MI_RAGI,Odisha,ZAID,2.66,3.0,3.15,10
MI_RAGI,Puducherry,KHARIF,7.94,9.12,9.65,10
MI_RAGI,Puducherry,RABI,8.09,9.11,11.63,6
MI_RAGI,Puducherry,ZAID,7.37,9.67,10.12,9
MI_RAGI,Tamil Nadu,KHARIF,9.57,11.55,12.21,10
MI_RAGI,Tamil Nadu,RABI,13.67,14.87,15.59,8
MI_RAGI,Telangana,KHARIF,4.19,4.78,6.02,7
MI_RAGI,Telangana,RABI,4.25,4.8,5.7,7
MI_RAGI,Uttarakhand,KHARIF,5.92,6.0,6.13,11
MI_RAGI,West Bengal,KHARIF,2.87,2.99,3.3,9
OS_GROUNDNUT,Andhra Pradesh,KHARIF,5.26,6.47,7.8,10
OS_GROUNDNUT,Andhra Pradesh,RABI,8.58,10.75,11.33,10
OS_GROUNDNUT,Arunachal Pradesh,KHARIF,5.02,5.11,5.12,4
OS_GROUNDNUT,Bihar,KHARIF,4.08,4.08,4.1,10
OS_GROUNDNUT,Chhattisgarh,KHARIF,5.13,5.4,5.91,10
OS_GROUNDNUT,Goa,KHARIF,9.47,9.94,10.32,10
OS_GROUNDNUT,Goa,RABI,9.11,9.35,9.77,10
OS_GROUNDNUT,Gujarat,KHARIF,6.89,7.86,10.47,10
OS_GROUNDNUT,Gujarat,ZAID,7.05,7.44,8.13,10
OS_GROUNDNUT,Haryana,KHARIF,4.0,4.46,4.69,10
OS_GROUNDNUT,Himachal Pradesh,KHARIF,3.0,3.58,3.73,10
OS_GROUNDNUT,Jammu & Kashmir,KHARIF,2.63,2.63,2.65,3
OS_GROUNDNUT,Jharkhand,KHARIF,3.75,3.75,3.85,3
OS_GROUNDNUT,Karnataka,KHARIF,2.84,3.11,3.35,10
OS_GROUNDNUT,Karnataka,RABI,7.02,7.85,8.95,10
OS_GROUNDNUT,Karnataka,ZAID,3.66,3.86,4.13,8
OS_GROUNDNUT,Kerala,ANNUAL,5.08,5.38,5.65,8
OS_GROUNDNUT,Madhya Pradesh,KHARIF,5.34,5.57,5.96,10
OS_GROUNDNUT,Maharashtra,KHARIF,2.76,3.49,3.86,10
OS_GROUNDNUT,Maharashtra,ZAID,5.49,5.75,6.07,10
OS_GROUNDNUT,Manipur,KHARIF,3.42,3.45,3.58,9
OS_GROUNDNUT,Nagaland,KHARIF,4.08,4.11,4.17,10
OS_GROUNDNUT,Odisha,KHARIF,3.92,4.05,4.38,10
OS_GROUNDNUT,Odisha,RABI,4.69,4.91,5.23,10
OS_GROUNDNUT,Odisha,ZAID,5.37,5.9,6.06,10
OS_GROUNDNUT,Puducherry,KHARIF,9.54,12.14,12.14,10
OS_GROUNDNUT,Puducherry,RABI,8.9,12.14,12.14,10
OS_GROUNDNUT,Puducherry,ZAID,6.28,9.14,12.14,10
OS_GROUNDNUT,Punjab,KHARIF,7.37,7.61,7.86,10
OS_GROUNDNUT,Tamil Nadu,KHARIF,9.12,9.52,9.76,10
OS_GROUNDNUT,Tamil Nadu,RABI,13.19,13.4,13.46,8
OS_GROUNDNUT,Telangana,KHARIF,5.48,8.51,9.53,7
OS_GROUNDNUT,Telangana,RABI,7.24,8.08,9.04,7
OS_GROUNDNUT,Tripura,KHARIF,4.44,4.6,5.14,10
OS_GROUNDNUT,Tripura,RABI,4.7,5.14,5.7,10
OS_GROUNDNUT,Uttar Pradesh,KHARIF,3.92,4.05,4.26,10
OS_GROUNDNUT,Uttarakhand,KHARIF,4.35,4.5,5.16,11
OS_GROUNDNUT,West Bengal,KHARIF,4.09,4.14,5.11,10
OS_GROUNDNUT,West Bengal,RABI,6.79,7.0,7.25,10
OS_GROUNDNUT,West Bengal,ZAID,8.26,9.02,9.73,10
OS_MUSTARD,Andhra Pradesh,RABI,1.54,1.68,2.19,10
OS_MUSTARD,Arunachal Pradesh,RABI,4.94,4.97,5.0,4
OS_MUSTARD,Assam,RABI,2.3,2.44,2.57,10
OS_MUSTARD,Bihar,RABI,4.47,4.67,5.03,10
OS_MUSTARD,Chhattisgarh,RABI,1.77,1.9,2.05,10
OS_MUSTARD,Gujarat,RABI,6.42,6.99,7.05,10
OS_MUSTARD,Haryana,RABI,6.7,7.09,7.77,10
OS_MUSTARD,Himachal Pradesh,RABI,1.86,2.01,2.14,10
OS_MUSTARD,Jammu & Kashmir,RABI,3.07,3.3,3.58,9
OS_MUSTARD,Jharkhand,RABI,3.06,3.59,3.91,10
OS_MUSTARD,Karnataka,KHARIF,0.66,0.78,0.89,8
OS_MUSTARD,Madhya Pradesh,RABI,3.4,3.83,4.06,10
OS_MUSTARD,Maharashtra,RABI,1.4,1.55,1.61,7
OS_MUSTARD,Manipur,RABI,3.39,3.42,3.45,9
OS_MUSTARD,Meghalaya,RABI,3.52,3.6,3.63,10
OS_MUSTARD,Mizoram,KHARIF,1.89,2.37,2.91,4
OS_MUSTARD,Mizoram,RABI,3.23,3.77,5.95,10
OS_MUSTARD,Nagaland,RABI,4.08,4.09,4.09,10
OS_MUSTARD,Odisha,RABI,0.86,0.98,1.09,10
OS_MUSTARD,Punjab,RABI,5.2,5.32,5.94,10
OS_MUSTARD,Sikkim,RABI,3.19,3.3,3.43,10
OS_MUSTARD,Tamil Nadu,RABI,0.57,0.74,0.76,8
OS_MUSTARD,Telangana,RABI,3.76,4.14,5.35,3
OS_MUSTARD,Tripura,RABI,3.21,3.3,3.34,10
OS_MUSTARD,Uttar Pradesh,RABI,3.88,4.37,4.67,10
OS_MUSTARD,Uttarakhand,RABI,2.71,2.83,3.01,11
OS_MUSTARD,West Bengal,RABI,3.64,3.91,3.96,10
OS_SESAME,Andhra Pradesh,KHARIF,0.91,0.99,1.14,10
OS_SESAME,Andhra Pradesh,RABI,1.16,1.24,1.31,10
OS_SESAME,Arunachal Pradesh,KHARIF,3.41,3.43,3.46,4
OS_SESAME,Assam,KHARIF,2.51,2.59,2.67,10
OS_SESAME,Bihar,KHARIF,3.58,3.62,3.63,10
OS_SESAME,Chhattisgarh,KHARIF,1.29,1.51,1.65,10
OS_SESAME,Gujarat,KHARIF,1.91,2.08,2.23,10
OS_SESAME,Gujarat,ZAID,1.91,2.29,2.86,10
OS_SESAME,Haryana,KHARIF,1.58,2.02,2.12,10
OS_SESAME,Himachal Pradesh,KHARIF,1.29,1.37,1.81,10
OS_SESAME,Jammu & Kashmir,KHARIF,1.71,1.75,1.79,9
OS_SESAME,Jharkhand,KHARIF,1.59,1.69,1.69,3
OS_SESAME,Karnataka,KHARIF,1.85,2.16,2.9,10
OS_SESAME,Kerala,ANNUAL,1.11,1.34,2.03,8
OS_SESAME,Madhya Pradesh,ANNUAL,2.01,2.19,2.26,9
OS_SESAME,Maharashtra,KHARIF,0.77,0.92,1.27,10
OS_SESAME,Maharashtra,RABI,0.51,1.26,2.06,10
OS_SESAME,Maharashtra,ZAID,0.76,0.79,1.04,4
OS_SESAME,Meghalaya,KHARIF,2.42,3.77,3.96,5
OS_SESAME,Meghalaya,RABI,4.2,4.21,4.21,5
OS_SESAME,Mizoram,KHARIF,2.56,2.83,3.07,10
OS_SESAME,Nagaland,KHARIF,2.44,2.45,2.46,10
OS_SESAME,Odisha,KHARIF,0.94,1.03,1.15,10
OS_SESAME,Odisha,RABI,0.8,0.93,1.08,10
OS_SESAME,Odisha,ZAID,1.24,1.33,1.41,10
OS_SESAME,Puducherry,KHARIF,2.77,3.14,4.05,10
OS_SESAME,Puducherry,RABI,3.04,3.24,3.84,10
OS_SESAME,Puducherry,ZAID,2.37,2.75,3.22,10
OS_SESAME,Punjab,KHARIF,1.2,1.35,1.54,10
OS_SESAME,Tamil Nadu,ANNUAL,1.98,2.02,2.18,3
OS_SESAME,Tamil Nadu,KHARIF,1.78,2.06,2.21,7
OS_SESAME,Tamil Nadu,RABI,2.2,2.37,2.59,7
OS_SESAME,Telangana,KHARIF,0.5,0.68,0.85,7
OS_SESAME,Telangana,RABI,1.65,2.33,2.71,7
OS_SESAME,Tripura,KHARIF,2.32,2.4,2.52,10
OS_SESAME,Uttar Pradesh,KHARIF,0.74,0.82,0.87,10
OS_SESAME,Uttarakhand,KHARIF,0.96,1.04,1.08,11
OS_SESAME,West Bengal,KHARIF,2.51,2.94,3.2,10
OS_SESAME,West Bengal,RABI,2.68,2.78,2.89,10
OS_SESAME,West Bengal,ZAID,3.31,3.46,3.58,10
OS_SOYBEAN,Andhra Pradesh,KHARIF,5.99,6.71,7.05,10
OS_SOYBEAN,Andhra Pradesh,RABI,6.31,6.57,7.54,8
OS_SOYBEAN,Arunachal Pradesh,KHARIF,6.06,6.1,6.71,4
OS_SOYBEAN,Chhattisgarh,KHARIF,3.13,3.93,4.49,10
OS_SOYBEAN,Gujarat,KHARIF,3.0,3.33,3.99,10
OS_SOYBEAN,Himachal Pradesh,KHARIF,5.9,6.12,6.57,10
OS_SOYBEAN,Jharkhand,KHARIF,3.26,3.44,3.46,3
OS_SOYBEAN,Karnataka,KHARIF,3.44,3.59,4.25,10
OS_SOYBEAN,Kerala,ANNUAL,5.26,5.73,5.86,4
OS_SOYBEAN,Madhya Pradesh,KHARIF,3.42,3.94,4.58,10
OS_SOYBEAN,Maharashtra,KHARIF,4.74,5.06,5.93,10
OS_SOYBEAN,Manipur,KHARIF,3.38,3.41,3.61,9
OS_SOYBEAN,Meghalaya,KHARIF,8.06,8.69,8.72,10
OS_SOYBEAN,Mizoram,KHARIF,5.38,5.57,5.9,10
OS_SOYBEAN,Nagaland,KHARIF,5.01,5.01,5.05,10
OS_SOYBEAN,Sikkim,KHARIF,3.73,3.81,3.85,10
OS_SOYBEAN,Telangana,KHARIF,4.73,6.25,6.44,7
OS_SOYBEAN,Telangana,RABI,4.2,4.53,5.27,4
OS_SOYBEAN,Tripura,KHARIF,2.91,3.02,3.19,4
OS_SOYBEAN,Tripura,RABI,3.13,3.24,3.35,4
OS_SOYBEAN,Uttar Pradesh,KHARIF,2.43,3.03,4.61,10
OS_SOYBEAN,Uttarakhand,KHARIF,3.81,4.49,4.7,11
OS_SOYBEAN,West Bengal,KHARIF,2.52,2.73,3.41,10
OS_SUNFLOWER,Andhra Pradesh,KHARIF,3.24,3.61,3.93,8
OS_SUNFLOWER,Andhra Pradesh,RABI,3.53,3.8,3.94,8
OS_SUNFLOWER,Arunachal Pradesh,KHARIF,3.27,3.35,3.4,4
OS_SUNFLOWER,Bihar,RABI,5.61,5.7,5.74,10
OS_SUNFLOWER,Chhattisgarh,KHARIF,0.48,1.66,1.94,8
OS_SUNFLOWER,Haryana,KHARIF,7.0,8.12,8.94,10
OS_SUNFLOWER,Jharkhand,KHARIF,2.76,2.99,3.03,3
OS_SUNFLOWER,Jharkhand,RABI,2.31,2.63,2.68,3
OS_SUNFLOWER,Karnataka,KHARIF,2.08,2.29,2.78,10
OS_SUNFLOWER,Karnataka,RABI,2.34,2.83,2.91,10
OS_SUNFLOWER,Karnataka,ZAID,3.74,4.18,4.36,10
OS_SUNFLOWER,Madhya Pradesh,ANNUAL,1.68,1.93,2.2,3
OS_SUNFLOWER,Madhya Pradesh,RABI,4.05,4.05,4.05,3
OS_SUNFLOWER,Maharashtra,KHARIF,1.03,1.53,2.13,10
OS_SUNFLOWER,Maharashtra,RABI,1.57,2.02,2.27,9
OS_SUNFLOWER,Maharashtra,ZAID,3.27,3.47,3.63,10
OS_SUNFLOWER,Nagaland,KHARIF,3.0,3.14,3.58,10
OS_SUNFLOWER,Nagaland,RABI,2.48,2.48,2.49,10
OS_SUNFLOWER,Punjab,RABI,7.58,7.64,7.65,5
OS_SUNFLOWER,Tamil Nadu,KHARIF,4.6,5.62,6.96,9
OS_SUNFLOWER,Tamil Nadu,RABI,2.94,4.22,4.94,7
OS_SUNFLOWER,Telangana,KHARIF,3.59,4.1,8.01,7
OS_SUNFLOWER,Telangana,RABI,4.87,7.21,8.12,7
OS_SUNFLOWER,Uttar Pradesh,ZAID,5.47,6.12,6.81,10
OS_SUNFLOWER,Uttarakhand,KHARIF,2.4,3.04,3.92,8
OS_SUNFLOWER,West Bengal,KHARIF,4.85,5.1,5.22,10
PU_CHICKPEA,Andhra Pradesh,KHARIF,1.82,2.02,3.04,3
PU_CHICKPEA,Andhra Pradesh,RABI,5.01,5.47,5.95,10
PU_CHICKPEA,Assam,RABI,2.41,2.51,2.62,10
PU_CHICKPEA,Bihar,RABI,3.94,4.51,4.81,10
PU_CHICKPEA,Chhattisgarh,RABI,3.41,3.89,4.41,10
PU_CHICKPEA,Delhi,RABI,5.71,8.09,8.58,10
PU_CHICKPEA,Gujarat,RABI,4.16,4.86,5.12,10
PU_CHICKPEA,Haryana,RABI,2.34,3.36,4.95,10
PU_CHICKPEA,Himachal Pradesh,RABI,3.05,3.37,4.04,10
PU_CHICKPEA,Jammu & Kashmir,RABI,2.23,2.23,2.23,4
PU_CHICKPEA,Jharkhand,RABI,3.68,4.11,4.7,10
PU_CHICKPEA,Karnataka,RABI,1.87,2.51,2.87,10
PU_CHICKPEA,Madhya Pradesh,RABI,4.0,4.68,5.73,10
PU_CHICKPEA,Maharashtra,RABI,3.03,3.47,3.62,10
PU_CHICKPEA,Manipur,RABI,3.43,3.71,3.75,9
PU_CHICKPEA,Meghalaya,RABI,3.99,4.27,4.37,10
PU_CHICKPEA,Nagaland,RABI,3.3,3.33,3.38,9
PU_CHICKPEA,Punjab,RABI,4.71,4.93,5.06,10
PU_CHICKPEA,Tamil Nadu,RABI,2.18,2.39,3.6,8
PU_CHICKPEA,Telangana,RABI,5.28,5.97,6.16,7
PU_CHICKPEA,Tripura,RABI,2.8,3.16,3.21,10
PU_CHICKPEA,Uttar Pradesh,RABI,3.19,4.82,5.06,10
PU_CHICKPEA,Uttarakhand,RABI,2.79,2.97,3.05,11
PU_CHICKPEA,West Bengal,RABI,4.17,4.49,5.06,10
PU_LENTIL,Arunachal Pradesh,RABI,2.28,2.93,3.57,4
PU_LENTIL,Assam,RABI,2.42,2.79,2.9,10
PU_LENTIL,Bihar,RABI,3.45,3.67,3.97,10
PU_LENTIL,Chhattisgarh,RABI,1.28,1.31,1.35,10
PU_LENTIL,Haryana,RABI,2.72,3.52,3.78,10
PU_LENTIL,Himachal Pradesh,RABI,2.32,3.09,3.43,10
PU_LENTIL,Jammu & Kashmir,KHARIF,2.53,2.63,4.55,7
PU_LENTIL,Jammu & Kashmir,RABI,2.24,2.29,3.14,8
PU_LENTIL,Jharkhand,RABI,2.88,3.35,3.64,9
PU_LENTIL,Madhya Pradesh,RABI,2.51,2.77,3.78,10
PU_LENTIL,Manipur,RABI,3.36,3.7,3.74,9
PU_LENTIL,Meghalaya,RABI,5.34,5.35,5.54,9
PU_LENTIL,Nagaland,RABI,3.29,3.31,3.33,10
PU_LENTIL,Punjab,RABI,2.4,2.73,2.87,10
PU_LENTIL,Telangana,RABI,1.5,1.58,1.82,3
PU_LENTIL,Tripura,RABI,2.71,2.9,2.98,10
PU_LENTIL,Uttar Pradesh,RABI,3.21,3.75,4.0,10
PU_LENTIL,Uttarakhand,RABI,2.92,3.0,3.21,11
PU_LENTIL,West Bengal,RABI,3.04,3.25,3.42,10
PU_MOONG,Andhra Pradesh,KHARIF,2.23,2.46,2.53,10
PU_MOONG,Andhra Pradesh,RABI,2.59,2.78,3.07,10
PU_MOONG,Arunachal Pradesh,KHARIF,4.3,4.48,4.58,4
PU_MOONG,Assam,RABI,2.34,2.61,2.66,10
PU_MOONG,Bihar,KHARIF,2.7,2.84,2.95,10
PU_MOONG,Bihar,ZAID,2.76,2.82,3.15,10
PU_MOONG,Chhattisgarh,KHARIF,1.1,1.33,1.66,10
PU_MOONG,Chhattisgarh,RABI,1.04,1.21,1.39,10
PU_MOONG,Gujarat,KHARIF,1.9,2.05,2.24,10
PU_MOONG,Gujarat,ZAID,2.14,2.58,3.18,10
PU_MOONG,Haryana,KHARIF,1.71,1.78,2.35,10
PU_MOONG,Himachal Pradesh,KHARIF,1.94,1.99,2.68,10
PU_MOONG,Jammu & Kashmir,KHARIF,1.97,2.03,2.37,9
PU_MOONG,Jammu & Kashmir,RABI,3.85,4.73,4.73,4
PU_MOONG,Jharkhand,KHARIF,3.09,3.2,3.23,3
PU_MOONG,Karnataka,KHARIF,0.85,1.03,1.13,10
PU_MOONG,Karnataka,RABI,0.86,0.95,1.15,10
PU_MOONG,Karnataka,ZAID,1.06,1.08,1.15,5
PU_MOONG,Madhya Pradesh,KHARIF,1.46,1.59,1.77,10
PU_MOONG,Madhya Pradesh,RABI,0.83,1.02,1.27,4
PU_MOONG,Madhya Pradesh,ZAID,2.16,3.29,3.72,3
PU_MOONG,Maharashtra,KHARIF,1.46,1.75,2.33,10
PU_MOONG,Manipur,KHARIF,3.93,4.18,4.43,9
PU_MOONG,Nagaland,KHARIF,4.05,4.08,4.15,8
PU_MOONG,Odisha,KHARIF,0.95,1.09,1.54,10
PU_MOONG,Odisha,RABI,1.22,1.3,1.51,10
PU_MOONG,Odisha,ZAID,1.37,1.6,1.72,10
PU_MOONG,Puducherry,RABI,3.04,3.08,3.33,10
PU_MOONG,Puducherry,ZAID,2.11,2.34,2.48,10
PU_MOONG,Punjab,KHARIF,3.4,3.49,3.61,10
PU_MOONG,Punjab,RABI,3.47,3.49,3.6,3
PU_MOONG,Tamil Nadu,KHARIF,2.32,2.56,2.63,9
PU_MOONG,Tamil Nadu,RABI,1.72,1.91,2.73,7
PU_MOONG,Telangana,KHARIF,2.56,2.66,2.86,7
PU_MOONG,Telangana,RABI,3.53,3.77,3.88,7
PU_MOONG,Tripura,KHARIF,2.17,2.18,2.22,10
PU_MOONG,Tripura,RABI,2.34,2.43,2.51,10
PU_MOONG,Uttar Pradesh,KHARIF,1.5,1.68,1.91,10
PU_MOONG,Uttar Pradesh,ZAID,2.65,2.88,3.19,10
PU_MOONG,Uttarakhand,KHARIF,2.12,3.04,3.47,9
PU_MOONG,Uttarakhand,ZAID,2.71,2.93,3.18,9
PU_MOONG,West Bengal,KHARIF,2.78,3.03,3.2,10
PU_MOONG,West Bengal,RABI,2.87,3.08,3.13,10
PU_MOONG,West Bengal,ZAID,3.25,3.41,3.66,10
PU_PEA_DRY,Arunachal Pradesh,KHARIF,3.83,4.0,4.17,4
PU_PEA_DRY,Arunachal Pradesh,RABI,6.19,6.62,7.06,4
PU_PEA_DRY,Assam,RABI,2.82,3.65,3.7,10
PU_PEA_DRY,Bihar,RABI,4.1,4.15,4.2,10
PU_PEA_DRY,Chhattisgarh,RABI,1.4,1.44,1.48,10
PU_PEA_DRY,Haryana,KHARIF,31.12,34.42,39.91,7
PU_PEA_DRY,Haryana,RABI,4.46,4.97,5.07,10
PU_PEA_DRY,Himachal Pradesh,KHARIF,5.3,5.33,5.36,7
PU_PEA_DRY,Himachal Pradesh,RABI,4.89,7.29,8.32,10
PU_PEA_DRY,Jammu & Kashmir,KHARIF,9.35,15.46,16.71,9
PU_PEA_DRY,Jammu & Kashmir,RABI,2.84,2.88,2.88,9
PU_PEA_DRY,Jharkhand,RABI,3.64,4.84,4.97,5
PU_PEA_DRY,Madhya Pradesh,RABI,2.64,3.21,3.65,10
PU_PEA_DRY,Manipur,RABI,3.75,3.78,3.79,9
PU_PEA_DRY,Meghalaya,RABI,6.82,7.28,7.3,10
PU_PEA_DRY,Nagaland,KHARIF,5.32,5.48,5.5,10
PU_PEA_DRY,Nagaland,RABI,4.36,4.45,4.46,9
PU_PEA_DRY,Punjab,RABI,4.76,5.04,5.45,10
PU_PEA_DRY,Tripura,RABI,3.22,3.43,3.48,10
PU_PEA_DRY,Uttar Pradesh,RABI,4.55,5.46,5.77,10
PU_PEA_DRY,Uttarakhand,RABI,2.81,2.91,2.99,11
PU_PEA_DRY,West Bengal,RABI,3.77,4.33,4.72,10
PU_PIGEONPEA,Andhra Pradesh,KHARIF,1.81,2.15,2.37,10
PU_PIGEONPEA,Andhra Pradesh,RABI,1.84,1.96,2.6,9
PU_PIGEONPEA,Arunachal Pradesh,KHARIF,3.13,3.29,3.46,4
PU_PIGEONPEA,Assam,KHARIF,3.32,3.43,3.51,10
PU_PIGEONPEA,Bihar,KHARIF,6.49,6.81,7.47,10
PU_PIGEONPEA,Chhattisgarh,KHARIF,1.81,2.2,2.35,10
PU_PIGEONPEA,Gujarat,KHARIF,4.15,4.49,4.88,10
PU_PIGEONPEA,Haryana,KHARIF,3.52,4.23,4.48,10
PU_PIGEONPEA,Himachal Pradesh,KHARIF,1.32,1.62,1.92,10
PU_PIGEONPEA,Jharkhand,KHARIF,4.13,4.27,4.29,3
PU_PIGEONPEA,Jharkhand,RABI,6.34,6.72,6.96,7
PU_PIGEONPEA,Karnataka,KHARIF,2.26,2.65,2.76,10
PU_PIGEONPEA,Kerala,ANNUAL,5.26,6.09,6.33,8
PU_PIGEONPEA,Madhya Pradesh,KHARIF,2.66,3.33,3.91,10
PU_PIGEONPEA,Maharashtra,KHARIF,2.37,2.71,3.24,10
PU_PIGEONPEA,Manipur,KHARIF,3.92,4.16,4.41,9
PU_PIGEONPEA,Meghalaya,KHARIF,4.14,4.48,4.52,10
PU_PIGEONPEA,Mizoram,KHARIF,3.73,4.42,4.72,10
PU_PIGEONPEA,Mizoram,RABI,3.6,3.7,4.0,4
PU_PIGEONPEA,Nagaland,KHARIF,3.57,3.61,3.67,10
PU_PIGEONPEA,Punjab,KHARIF,3.74,3.96,4.23,10
PU_PIGEONPEA,Tamil Nadu,KHARIF,2.75,3.63,4.72,6
PU_PIGEONPEA,Telangana,KHARIF,2.18,2.88,3.02,7
PU_PIGEONPEA,Telangana,RABI,2.3,2.73,3.04,7
PU_PIGEONPEA,Tripura,KHARIF,2.94,3.01,3.08,10
PU_PIGEONPEA,Uttar Pradesh,KHARIF,3.49,3.84,4.1,10
PU_PIGEONPEA,Uttarakhand,KHARIF,2.92,3.04,3.19,11
PU_PIGEONPEA,West Bengal,RABI,4.87,5.59,6.37,10
PU_URAD,Andhra Pradesh,KHARIF,2.96,3.19,3.37,10
PU_URAD,Andhra Pradesh,RABI,2.64,3.12,3.58,10
PU_URAD,Arunachal Pradesh,KHARIF,3.72,3.92,4.01,4
PU_URAD,Arunachal Pradesh,RABI,3.78,4.09,4.33,4
PU_URAD,Assam,RABI,2.33,2.54,2.69,10
PU_URAD,Bihar,KHARIF,3.61,3.65,3.67,10
PU_URAD,Chhattisgarh,KHARIF,1.31,1.34,1.36,10
PU_URAD,Chhattisgarh,RABI,1.08,1.14,1.2,10
PU_URAD,Gujarat,KHARIF,2.58,2.67,2.81,10
PU_URAD,Gujarat,ZAID,3.0,3.23,4.62,10
PU_URAD,Haryana,KHARIF,1.33,1.46,2.09,10
PU_URAD,Himachal Pradesh,KHARIF,2.15,2.34,2.91,10
PU_URAD,Jammu & Kashmir,KHARIF,1.5,1.52,1.81,9
PU_URAD,Jammu & Kashmir,RABI,1.91,1.94,2.19,3
PU_URAD,Jharkhand,KHARIF,3.34,3.41,4.52,5
PU_URAD,Karnataka,KHARIF,1.38,1.49,1.55,10
PU_URAD,Karnataka,RABI,1.74,1.89,2.04,10
PU_URAD,Karnataka,ZAID,1.96,1.98,2.08,5
PU_URAD,Madhya Pradesh,KHARIF,1.55,1.77,2.2,10
PU_URAD,Madhya Pradesh,RABI,0.89,1.18,1.47,4
PU_URAD,Madhya Pradesh,ZAID,2.02,2.82,4.07,3
PU_URAD,Maharashtra,KHARIF,1.66,2.05,2.33,10
PU_URAD,Manipur,KHARIF,4.54,4.6,4.63,9
PU_URAD,Nagaland,KHARIF,3.66,4.0,4.02,3
PU_URAD,Nagaland,RABI,3.19,3.26,3.28,9
PU_URAD,Odisha,KHARIF,1.05,1.15,1.34,10
PU_URAD,Odisha,RABI,1.27,1.39,1.49,10
PU_URAD,Odisha,ZAID,1.56,1.63,1.67,10
PU_URAD,Puducherry,KHARIF,3.13,3.3,3.95,10
PU_URAD,Puducherry,RABI,3.33,4.04,4.05,10
PU_URAD,Puducherry,ZAID,2.24,2.51,2.85,10
PU_URAD,Punjab,KHARIF,2.01,2.63,2.94,10
PU_URAD,Sikkim,KHARIF,3.69,3.76,3.8,10
PU_URAD,Tamil Nadu,KHARIF,2.87,3.14,3.34,9
PU_URAD,Tamil Nadu,RABI,2.6,2.82,3.13,7
PU_URAD,Telangana,KHARIF,3.0,3.35,3.43,7
PU_URAD,Telangana,RABI,3.22,3.64,4.67,7
PU_URAD,Tripura,KHARIF,2.32,2.34,2.38,10
PU_URAD,Tripura,RABI,2.65,2.85,2.97,10
PU_URAD,Uttar Pradesh,KHARIF,2.34,2.42,2.65,10
PU_URAD,Uttar Pradesh,ZAID,2.55,2.75,2.95,10
PU_URAD,Uttarakhand,KHARIF,3.04,3.37,3.78,11
PU_URAD,Uttarakhand,ZAID,2.0,2.68,3.23,10
PU_URAD,West Bengal,KHARIF,2.12,2.33,2.36,10
PU_URAD,West Bengal,RABI,2.97,3.05,3.47,10
SP_CHILLI,Andhra Pradesh,KHARIF,11.98,16.4,19.23,10
SP_CHILLI,Andhra Pradesh,RABI,13.29,14.61,15.14,10
SP_CHILLI,Arunachal Pradesh,ANNUAL,10.35,11.15,11.41,10
SP_CHILLI,Assam,ANNUAL,3.05,3.21,3.4,10
SP_CHILLI,Chhattisgarh,ANNUAL,2.11,2.54,2.89,10
SP_CHILLI,Gujarat,ANNUAL,3.83,3.93,4.28,10
SP_CHILLI,Himachal Pradesh,KHARIF,1.26,1.28,1.37,8
SP_CHILLI,Jammu & Kashmir,KHARIF,3.49,3.5,3.77,9
SP_CHILLI,Karnataka,KHARIF,4.27,4.93,6.71,10
SP_CHILLI,Karnataka,RABI,8.15,8.64,9.9,8
SP_CHILLI,Karnataka,ZAID,8.17,10.22,11.6,8
SP_CHILLI,Madhya Pradesh,ANNUAL,6.95,9.84,12.69,8
SP_CHILLI,Manipur,ANNUAL,30.76,31.79,31.97,9
SP_CHILLI,Meghalaya,ANNUAL,4.24,4.49,4.95,10
SP_CHILLI,Puducherry,KHARIF,7.08,12.14,43.5,8
SP_CHILLI,Puducherry,RABI,24.28,40.47,42.49,9
SP_CHILLI,Puducherry,ZAID,8.09,38.45,48.06,8
SP_CHILLI,Tamil Nadu,ANNUAL,2.14,2.85,3.29,8
SP_CHILLI,Telangana,KHARIF,10.79,13.51,16.75,7
SP_CHILLI,Telangana,RABI,17.42,22.28,23.2,7
SP_CHILLI,Uttar Pradesh,KHARIF,3.3,3.48,3.71,10
SP_CORIANDER_SEED,Andhra Pradesh,KHARIF,1.61,2.06,2.33,5
SP_CORIANDER_SEED,Andhra Pradesh,RABI,1.98,2.13,2.61,8
SP_CORIANDER_SEED,Bihar,ANNUAL,3.62,3.66,3.69,4
SP_CORIANDER_SEED,Chhattisgarh,ANNUAL,1.08,1.12,1.14,10
SP_CORIANDER_SEED,Haryana,ANNUAL,6.56,8.79,10.89,9
SP_CORIANDER_SEED,Himachal Pradesh,RABI,1.03,1.31,1.9,10
SP_CORIANDER_SEED,Karnataka,ANNUAL,1.48,1.58,1.64,10
SP_CORIANDER_SEED,Madhya Pradesh,ANNUAL,1.73,6.33,6.49,9
SP_CORIANDER_SEED,Meghalaya,ANNUAL,15.13,15.14,15.14,3
SP_CORIANDER_SEED,Tamil Nadu,ANNUAL,1.65,1.87,2.32,8
SP_CORIANDER_SEED,Telangana,KHARIF,2.43,2.95,3.96,5
SP_CORIANDER_SEED,Telangana,RABI,2.54,3.47,4.02,5
SP_CORIANDER_SEED,Uttar Pradesh,RABI,2.15,2.24,2.31,9
SP_GARLIC,Bihar,ANNUAL,6.16,6.18,6.2,4
SP_GARLIC,Chhattisgarh,ANNUAL,11.47,11.59,11.8,10
SP_GARLIC,Gujarat,ANNUAL,20.91,23.09,26.7,10
SP_GARLIC,Haryana,ANNUAL,34.3,40.36,44.42,10
SP_GARLIC,Himachal Pradesh,RABI,2.45,4.55,5.02,10
SP_GARLIC,Jammu & Kashmir,KHARIF,3.05,3.06,3.07,3
SP_GARLIC,Jammu & Kashmir,RABI,3.29,3.37,3.46,9
SP_GARLIC,Karnataka,ANNUAL,4.97,5.36,5.56,10
SP_GARLIC,Kerala,ANNUAL,20.74,23.59,34.39,8
SP_GARLIC,Madhya Pradesh,ANNUAL,13.72,41.35,41.94,9
SP_GARLIC,Tamil Nadu,ANNUAL,17.29,17.62,18.66,8
SP_GARLIC,Telangana,RABI,9.97,11.09,14.26,5
SP_GARLIC,Uttar Pradesh,RABI,21.61,23.5,24.28,9
SP_GARLIC,Uttarakhand,ANNUAL,22.66,23.55,25.81,11
SP_GINGER,Andhra Pradesh,KHARIF,8.89,11.87,14.93,8
SP_GINGER,Andhra Pradesh,RABI,11.46,11.86,17.2,4
SP_GINGER,Arunachal Pradesh,ANNUAL,25.21,26.22,27.14,10
SP_GINGER,Assam,ANNUAL,31.98,33.05,33.93,10
SP_GINGER,Bihar,ANNUAL,7.6,7.63,7.64,4
SP_GINGER,Chhattisgarh,ANNUAL,4.74,4.82,5.02,10
SP_GINGER,Haryana,ANNUAL,36.54,56.39,58.37,7
SP_GINGER,Himachal Pradesh,KHARIF,15.4,21.36,27.45,6
SP_GINGER,Jammu & Kashmir,KHARIF,5.48,7.79,8.03,9
SP_GINGER,Jammu & Kashmir,RABI,3.64,3.64,3.64,4
SP_GINGER,Karnataka,ANNUAL,47.56,103.99,114.79,10
SP_GINGER,Kerala,ANNUAL,13.8,14.33,14.68,10
SP_GINGER,Madhya Pradesh,ANNUAL,5.18,62.25,65.18,9
SP_GINGER,Manipur,KHARIF,46.94,48.36,49.37,9
SP_GINGER,Meghalaya,KHARIF,32.3,38.89,39.12,10
SP_GINGER,Nagaland,KHARIF,36.91,36.92,37.03,9
SP_GINGER,Tamil Nadu,ANNUAL,34.12,54.81,79.91,8
SP_GINGER,Telangana,KHARIF,24.94,27.42,28.23,7
SP_GINGER,Telangana,RABI,26.31,27.14,28.06,4
SP_GINGER,Uttar Pradesh,KHARIF,12.97,18.92,19.69,10
SP_TURMERIC,Arunachal Pradesh,ANNUAL,17.73,18.17,19.12,10
SP_TURMERIC,Assam,ANNUAL,3.78,3.94,4.53,10
SP_TURMERIC,Bihar,ANNUAL,4.09,4.12,4.16,4
SP_TURMERIC,Chhattisgarh,ANNUAL,4.15,4.26,4.62,10
SP_TURMERIC,Haryana,ANNUAL,43.85,45.73,50.59,9
SP_TURMERIC,Himachal Pradesh,KHARIF,2.1,2.19,2.69,9
SP_TURMERIC,Jammu & Kashmir,KHARIF,4.05,4.07,4.2,9
SP_TURMERIC,Jammu & Kashmir,RABI,3.76,3.76,3.76,5
SP_TURMERIC,Karnataka,ANNUAL,18.97,20.47,23.21,10
SP_TURMERIC,Kerala,ANNUAL,9.81,10.31,10.83,10
SP_TURMERIC,Madhya Pradesh,ANNUAL,4.34,75.82,77.13,9
SP_TURMERIC,Manipur,ANNUAL,47.35,47.98,48.56,9
SP_TURMERIC,Meghalaya,ANNUAL,23.4,23.93,23.97,10
SP_TURMERIC,Puducherry,KHARIF,7.08,10.12,12.14,7
SP_TURMERIC,Puducherry,RABI,6.98,7.69,8.6,4
SP_TURMERIC,Tamil Nadu,ANNUAL,15.66,16.67,18.56,8
SP_TURMERIC,Telangana,KHARIF,19.18,23.63,24.69,7
SP_TURMERIC,Uttar Pradesh,RABI,5.07,8.4,11.59,10
SP_TURMERIC,Uttarakhand,ANNUAL,7.88,8.8,12.04,11
VE_ONION,Andhra Pradesh,KHARIF,68.56,73.35,88.76,10
VE_ONION,Andhra Pradesh,RABI,77.9,88.78,101.74,10
VE_ONION,Assam,ANNUAL,13.3,20.84,29.37,10
VE_ONION,Bihar,RABI,46.56,49.32,52.21,4
VE_ONION,Chhattisgarh,ANNUAL,19.59,22.19,25.02,10
VE_ONION,Gujarat,RABI,106.79,112.12,116.41,9
VE_ONION,Gujarat,ZAID,105.94,107.47,111.45,9
VE_ONION,Haryana,ANNUAL,90.99,95.39,99.92,10
VE_ONION,Himachal Pradesh,RABI,28.26,37.77,38.34,8
VE_ONION,Jammu & Kashmir,KHARIF,2.02,2.43,3.77,9
VE_ONION,Jammu & Kashmir,RABI,8.93,9.68,9.73,9
VE_ONION,Jharkhand,RABI,25.53,26.67,32.12,7
VE_ONION,Karnataka,KHARIF,22.35,28.06,32.74,10
VE_ONION,Karnataka,RABI,29.31,32.57,52.04,10
VE_ONION,Karnataka,ZAID,23.44,37.22,45.24,10
VE_ONION,Madhya Pradesh,ANNUAL,71.8,90.77,93.42,9
VE_ONION,Meghalaya,RABI,33.81,34.1,34.11,6
VE_ONION,Mizoram,RABI,14.95,16.19,23.34,7
VE_ONION,Puducherry,KHARIF,20.23,20.23,36.42,5
VE_ONION,Puducherry,RABI,28.33,28.33,50.59,3
VE_ONION,Puducherry,ZAID,20.23,24.28,47.56,8
VE_ONION,Tamil Nadu,KHARIF,36.42,38.54,40.45,7
VE_ONION,Tamil Nadu,RABI,25.47,29.29,34.11,7
VE_ONION,Telangana,KHARIF,57.79,63.48,74.84,7
VE_ONION,Telangana,RABI,115.57,125.94,130.86,7
VE_ONION,Uttar Pradesh,RABI,58.57,62.92,80.34,10
VE_ONION,Uttar Pradesh,ZAID,48.06,53.77,57.25,9
VE_ONION,Uttarakhand,ANNUAL,23.27,23.51,61.37,11
VE_POTATO,Andhra Pradesh,KHARIF,31.69,43.1,65.18,8
VE_POTATO,Andhra Pradesh,RABI,35.53,46.28,62.98,8
VE_POTATO,Arunachal Pradesh,ANNUAL,27.33,28.67,30.49,10
VE_POTATO,Assam,ANNUAL,28.79,29.37,30.19,10
VE_POTATO,Bihar,RABI,54.6,56.81,58.96,8
VE_POTATO,Chhattisgarh,KHARIF,23.08,26.68,27.89,9
VE_POTATO,Chhattisgarh,RABI,23.34,25.44,26.9,9
VE_POTATO,Delhi,ANNUAL,86.08,86.08,124.09,5
VE_POTATO,Gujarat,ANNUAL,93.43,102.03,109.13,10
VE_POTATO,Haryana,ANNUAL,92.78,98.27,102.22,10
VE_POTATO,Himachal Pradesh,KHARIF,41.43,42.76,43.54,10
VE_POTATO,Himachal Pradesh,RABI,19.27,19.72,21.48,10
VE_POTATO,Jammu & Kashmir,KHARIF,29.32,34.18,45.37,9
VE_POTATO,Jammu & Kashmir,RABI,44.71,48.76,49.0,9
VE_POTATO,Jharkhand,RABI,27.06,29.6,31.63,13
VE_POTATO,Karnataka,KHARIF,29.18,31.57,35.3,10
VE_POTATO,Karnataka,RABI,55.47,60.4,62.05,10
VE_POTATO,Karnataka,ZAID,58.77,62.18,64.13,10
VE_POTATO,Kerala,ANNUAL,54.27,57.26,75.11,9
VE_POTATO,Madhya Pradesh,ANNUAL,53.08,81.35,86.23,9
VE_POTATO,Manipur,ANNUAL,33.59,34.31,34.32,9
VE_POTATO,Meghalaya,ANNUAL,30.07,30.42,31.09,4
VE_POTATO,Meghalaya,RABI,26.41,26.41,26.63,6
VE_POTATO,Meghalaya,ZAID,33.17,33.4,33.41,6
VE_POTATO,Mizoram,KHARIF,15.37,17.89,26.27,10
VE_POTATO,Mizoram,RABI,22.21,23.3,23.74,9
VE_POTATO,Nagaland,RABI,40.4,40.45,40.5,10
VE_POTATO,Odisha,RABI,43.96,47.58,48.74,10
VE_POTATO,Tamil Nadu,KHARIF,70.97,84.92,87.2,7
VE_POTATO,Tamil Nadu,RABI,89.21,91.22,93.77,7
VE_POTATO,Telangana,KHARIF,27.13,37.91,52.21,4
VE_POTATO,Telangana,RABI,46.67,54.19,59.25,6
VE_POTATO,Uttar Pradesh,RABI,88.27,92.28,96.76,10
VE_POTATO,Uttarakhand,KHARIF,38.62,39.32,41.47,11
VE_POTATO,Uttarakhand,RABI,43.94,45.85,48.1,11
VE_POTATO,West Bengal,RABI,106.85,113.82,120.66,10
VE_POTATO,West Bengal,ZAID,32.97,48.56,48.72,10
